,Mean Relative Gain,Std Relative Gain,Center Dimension,Data Dimension,Prototype,Data Set
0,0.02759108833528432,0.03808268208606703,1,1,eigengene,gse73072_hrv_48_64
0,0.04952750775365461,0.025314332438916863,2,1,eigengene,gse73072_hrv_48_64
0,0.08289953220938995,0.0,4,1,eigengene,gse73072_hrv_48_64
0,0.013995344651543506,0.028332324313996238,8,1,eigengene,gse73072_hrv_48_64
0,0.04911653455895948,0.013642923695816817,1,1,flag_mean,gse73072_hrv_48_64
0,0.07824929512391138,0.055027857554820474,1,2,flag_mean,gse73072_hrv_48_64
0,0.0381528062372305,0.02614871280621789,2,1,flag_mean,gse73072_hrv_48_64
0,0.001281861600448675,0.024441922485875144,2,2,flag_mean,gse73072_hrv_48_64
0,0.014483937305802358,0.016113290362007218,4,1,flag_mean,gse73072_hrv_48_64
0,0.007225415974006588,0.02170201765910605,4,2,flag_mean,gse73072_hrv_48_64
0,0.008498609308939375,0.025148883296784885,8,1,flag_mean,gse73072_hrv_48_64
0,-5.929017821793004e-06,3.4766729095234994e-06,8,2,flag_mean,gse73072_hrv_48_64
0,0.09557326747196986,0.06864878149534089,1,1,flag_median,gse73072_hrv_48_64
0,0.07985797659194915,0.09155023010912118,1,2,flag_median,gse73072_hrv_48_64
0,0.07315775547726266,0.06333705814858215,2,1,flag_median,gse73072_hrv_48_64
0,0.005393182042751632,0.022016631178340244,2,2,flag_median,gse73072_hrv_48_64
0,0.039473964056151535,0.022817750822571578,4,1,flag_median,gse73072_hrv_48_64
0,-0.0030159183820059,0.02555565538172071,4,2,flag_median,gse73072_hrv_48_64
0,0.015620065416763806,0.011053361255077459,8,1,flag_median,gse73072_hrv_48_64
0,-0.001498515514834775,0.012113322725629002,8,2,flag_median,gse73072_hrv_48_64
0,0.08980016381058487,0.07280517153096844,1,1,module_expression,gse73072_hrv_48_64
0,0.01563095543570727,0.03317531421587471,1,1,eigengene,gse73072_hrv_48_64_False
0,0.001145682708069029,0.019639937255697935,2,1,eigengene,gse73072_hrv_48_64_False
0,-0.013596577378371888,0.011403808461117604,4,1,eigengene,gse73072_hrv_48_64_False
0,0.0198986803908614,0.030096761849761632,8,1,eigengene,gse73072_hrv_48_64_False
0,0.03605913053610473,0.02243723284950337,1,1,flag_mean,gse73072_hrv_48_64_False
0,0.02932349333245247,0.03730617511512993,1,2,flag_mean,gse73072_hrv_48_64_False
0,0.0075443363124614304,0.0,2,1,flag_mean,gse73072_hrv_48_64_False
0,-0.002869239563630632,0.020986665366190597,2,2,flag_mean,gse73072_hrv_48_64_False
0,-0.00462963792854929,0.015169516872591826,4,1,flag_mean,gse73072_hrv_48_64_False
0,0.00016715633203698844,0.024144044377533213,4,2,flag_mean,gse73072_hrv_48_64_False
0,0.001630285936432968,0.022461792459177524,8,1,flag_mean,gse73072_hrv_48_64_False
0,-4.928053411545897e-06,4.338737045652022e-07,8,2,flag_mean,gse73072_hrv_48_64_False
0,0.03761702732233352,0.011407413385788679,1,1,flag_median,gse73072_hrv_48_64_False
0,0.04494496813430393,0.028593675447542093,1,2,flag_median,gse73072_hrv_48_64_False
0,0.04187908914636873,0.0,2,1,flag_median,gse73072_hrv_48_64_False
0,0.003629972630827716,0.019539724208557107,2,2,flag_median,gse73072_hrv_48_64_False
0,0.0016389996946557146,0.016552940931478865,4,1,flag_median,gse73072_hrv_48_64_False
0,0.0038831765753825744,0.023879135824729857,4,2,flag_median,gse73072_hrv_48_64_False
0,-0.004528130906468197,0.00927144785198457,8,1,flag_median,gse73072_hrv_48_64_False
0,0.010190013703430445,0.01542687902165348,8,2,flag_median,gse73072_hrv_48_64_False
0,0.04061081073029049,0.03135294743818931,1,1,module_expression,gse73072_hrv_48_64_False
0,0.020154654638299685,0.022890953056189992,1,1,eigengene,gse73072_hrv_48_64_True
0,0.02462703717447623,0.03803725738177371,2,1,eigengene,gse73072_hrv_48_64_True
0,-0.00502201471003938,0.0010574767407912633,4,1,eigengene,gse73072_hrv_48_64_True
0,-0.0032469925383895315,0.02979899872588213,8,1,eigengene,gse73072_hrv_48_64_True
0,0.06565976360872239,0.02996267090748028,1,1,flag_mean,gse73072_hrv_48_64_True
0,0.05415114215278849,0.05248297541829862,1,2,flag_mean,gse73072_hrv_48_64_True
0,0.026594724826219607,0.023794961729250885,2,1,flag_mean,gse73072_hrv_48_64_True
0,-0.006737960566321877,0.03349021371623431,2,2,flag_mean,gse73072_hrv_48_64_True
0,0.028824012433554102,0.025690697362011742,4,1,flag_mean,gse73072_hrv_48_64_True
0,0.00273891699823392,0.02282555245227455,4,2,flag_mean,gse73072_hrv_48_64_True
0,-0.006434502328370145,0.03590356610175689,8,1,flag_mean,gse73072_hrv_48_64_True
0,-5.457959494115095e-06,2.6290442013394953e-06,8,2,flag_mean,gse73072_hrv_48_64_True
0,0.14355402080466528,0.0,1,1,flag_median,gse73072_hrv_48_64_True
0,0.10231734826813632,0.0,1,2,flag_median,gse73072_hrv_48_64_True
0,0.06580407072602161,0.02591496336463244,2,1,flag_median,gse73072_hrv_48_64_True
0,-0.012507568094211741,0.02811720724838677,2,2,flag_median,gse73072_hrv_48_64_True
0,0.037453850483413986,0.04502966027263062,4,1,flag_median,gse73072_hrv_48_64_True
0,-0.019614826579423438,0.02368027389074029,4,2,flag_median,gse73072_hrv_48_64_True
0,0.012642318266835872,0.021696527798275033,8,1,flag_median,gse73072_hrv_48_64_True
0,-0.0021819011943865264,0.008516606516759609,8,2,flag_median,gse73072_hrv_48_64_True
0,0.14088127351063107,0.0,1,1,module_expression,gse73072_hrv_48_64_True
0,-1.0,0.0,1,1,eigengene,salmonella_Liver
0,-1.0,0.0,2,1,eigengene,salmonella_Liver
0,-1.0,0.0,4,1,eigengene,salmonella_Liver
0,-1.0,0.0,8,1,eigengene,salmonella_Liver
0,-1.0,0.0,1,1,flag_mean,salmonella_Liver
0,-1.0,0.0,1,2,flag_mean,salmonella_Liver
0,-1.0,0.0,2,1,flag_mean,salmonella_Liver
0,-1.0,0.0,2,2,flag_mean,salmonella_Liver
0,-1.0,0.0,4,1,flag_mean,salmonella_Liver
0,-1.0,0.0,4,2,flag_mean,salmonella_Liver
0,-1.0,0.0,8,1,flag_mean,salmonella_Liver
0,-1.0,0.0,8,2,flag_mean,salmonella_Liver
0,-1.0,0.0,1,1,flag_median,salmonella_Liver
0,-1.0,0.0,1,2,flag_median,salmonella_Liver
0,-1.0,0.0,2,1,flag_median,salmonella_Liver
0,-1.0,0.0,2,2,flag_median,salmonella_Liver
0,-1.0,0.0,4,1,flag_median,salmonella_Liver
0,-1.0,0.0,4,2,flag_median,salmonella_Liver
0,-1.0,0.0,8,1,flag_median,salmonella_Liver
0,-1.0,0.0,8,2,flag_median,salmonella_Liver
0,-1.0,0.0,1,1,module_expression,salmonella_Liver
0,-1.0,0.0,1,1,eigengene,salmonella_Liver_susceptible
0,-1.0,0.0,2,1,eigengene,salmonella_Liver_susceptible
0,-1.0,0.0,4,1,eigengene,salmonella_Liver_susceptible
0,-1.0,0.0,8,1,eigengene,salmonella_Liver_susceptible
0,-1.0,0.0,1,1,flag_mean,salmonella_Liver_susceptible
0,-1.0,0.0,1,2,flag_mean,salmonella_Liver_susceptible
0,,,2,1,flag_mean,salmonella_Liver_susceptible
0,-1.0,0.0,2,2,flag_mean,salmonella_Liver_susceptible
0,-1.0,0.0,4,1,flag_mean,salmonella_Liver_susceptible
0,-1.0,0.0,4,2,flag_mean,salmonella_Liver_susceptible
0,-1.0,0.0,8,1,flag_mean,salmonella_Liver_susceptible
0,-1.0,0.0,8,2,flag_mean,salmonella_Liver_susceptible
0,-1.0,0.0,1,1,flag_median,salmonella_Liver_susceptible
0,-1.0,0.0,1,2,flag_median,salmonella_Liver_susceptible
0,,,2,1,flag_median,salmonella_Liver_susceptible
0,-1.0,0.0,2,2,flag_median,salmonella_Liver_susceptible
0,-1.0,0.0,4,1,flag_median,salmonella_Liver_susceptible
0,-1.0,0.0,4,2,flag_median,salmonella_Liver_susceptible
0,,,8,1,flag_median,salmonella_Liver_susceptible
0,-1.0,0.0,8,2,flag_median,salmonella_Liver_susceptible
0,-1.0,0.0,1,1,module_expression,salmonella_Liver_susceptible
0,-1.0,0.0,1,1,eigengene,salmonella_Liver_tolerant
0,-1.0,0.0,2,1,eigengene,salmonella_Liver_tolerant
0,-1.0,0.0,4,1,eigengene,salmonella_Liver_tolerant
0,-1.0,0.0,8,1,eigengene,salmonella_Liver_tolerant
0,-1.0,0.0,1,1,flag_mean,salmonella_Liver_tolerant
0,-1.0,0.0,1,2,flag_mean,salmonella_Liver_tolerant
0,,,2,1,flag_mean,salmonella_Liver_tolerant
0,-1.0,0.0,2,2,flag_mean,salmonella_Liver_tolerant
0,-1.0,0.0,4,1,flag_mean,salmonella_Liver_tolerant
0,-1.0,0.0,4,2,flag_mean,salmonella_Liver_tolerant
0,-1.0,0.0,8,1,flag_mean,salmonella_Liver_tolerant
0,-1.0,0.0,8,2,flag_mean,salmonella_Liver_tolerant
0,-1.0,0.0,1,1,flag_median,salmonella_Liver_tolerant
0,-1.0,0.0,1,2,flag_median,salmonella_Liver_tolerant
0,,,2,1,flag_median,salmonella_Liver_tolerant
0,-1.0,0.0,2,2,flag_median,salmonella_Liver_tolerant
0,-1.0,0.0,4,1,flag_median,salmonella_Liver_tolerant
0,-1.0,0.0,4,2,flag_median,salmonella_Liver_tolerant
0,-1.0,0.0,8,1,flag_median,salmonella_Liver_tolerant
0,-1.0,0.0,8,2,flag_median,salmonella_Liver_tolerant
0,-1.0,0.0,1,1,module_expression,salmonella_Liver_tolerant
